{
  "info": {
    "name": "Task API",
    "schema": "https://schema.getpostman.com/json/collection/v2.1.0/collection.json"
  },
  "item": [
    {
      "name": "Auth - Register",
      "request": {
        "method": "POST",
        "header": [{"key": "Content-Type", "value": "application/json"}],
        "url": {"raw": "{{baseUrl}}/api/auth/register", "host": ["{{baseUrl}}"], "path": ["api", "auth", "register"]},
        "body": {
          "mode": "raw",
          "raw": "{\n  \"name\": \"John\",\n  \"email\": \"john@example.com\",\n  \"password\": \"password123\",\n  \"password_confirmation\": \"password123\"\n}"
        }
      }
    },
    {
      "name": "Auth - Verify",
      "request": {
        "method": "POST",
        "header": [{"key": "Content-Type", "value": "application/json"}],
        "url": {"raw": "{{baseUrl}}/api/auth/verify", "host": ["{{baseUrl}}"], "path": ["api", "auth", "verify"]},
        "body": {
          "mode": "raw",
          "raw": "{\n  \"email\": \"john@example.com\",\n  \"code\": \"1111\"\n}"
        }
      }
    },
    {
      "name": "Auth - Login",
      "request": {
        "method": "POST",
        "header": [{"key": "Content-Type", "value": "application/json"}],
        "url": {"raw": "{{baseUrl}}/api/auth/login", "host": ["{{baseUrl}}"], "path": ["api", "auth", "login"]},
        "body": {
          "mode": "raw",
          "raw": "{\n  \"email\": \"john@example.com\",\n  \"password\": \"password123\"\n}"
        }
      }
    },
    {
      "name": "Auth - Resend Verification",
      "request": {
        "method": "POST",
        "header": [{"key": "Content-Type", "value": "application/json"}],
        "url": {"raw": "{{baseUrl}}/api/auth/resend-verification", "host": ["{{baseUrl}}"], "path": ["api", "auth", "resend-verification"]},
        "body": {"mode": "raw", "raw": "{\n  \"email\": \"john@example.com\"\n}"}
      }
    },
    {
      "name": "Auth - Forgot Password",
      "request": {
        "method": "POST",
        "header": [{"key": "Content-Type", "value": "application/json"}],
        "url": {"raw": "{{baseUrl}}/api/auth/forgot-password", "host": ["{{baseUrl}}"], "path": ["api", "auth", "forgot-password"]},
        "body": {"mode": "raw", "raw": "{\n  \"email\": \"john@example.com\"\n}"}
      }
    },
    {
      "name": "Auth - Reset Password",
      "request": {
        "method": "POST",
        "header": [{"key": "Content-Type", "value": "application/json"}],
        "url": {"raw": "{{baseUrl}}/api/auth/reset-password", "host": ["{{baseUrl}}"], "path": ["api", "auth", "reset-password"]},
        "body": {
          "mode": "raw",
          "raw": "{\n  \"email\": \"john@example.com\",\n  \"code\": \"1111\",\n  \"password\": \"newpassword123\",\n  \"password_confirmation\": \"newpassword123\"\n}"
        }
      }
    },
    {
      "name": "Auth - Google Login",
      "request": {
        "method": "POST",
        "header": [{"key": "Content-Type", "value": "application/json"}],
        "url": {"raw": "{{baseUrl}}/api/auth/google", "host": ["{{baseUrl}}"], "path": ["api", "auth", "google"]},
        "body": {"mode": "raw", "raw": "{\n  \"id_token\": \"YOUR_GOOGLE_ID_TOKEN\"\n}"}
      }
    },
    {
      "name": "Me",
      "request": {
        "method": "GET",
        "header": [{"key": "Authorization", "value": "Bearer {{token}}"}],
        "url": {"raw": "{{baseUrl}}/api/me", "host": ["{{baseUrl}}"], "path": ["api", "me"]}
      }
    },
    {
      "name": "Admin - List Users",
      "request": {
        "method": "GET",
        "header": [{"key": "Authorization", "value": "Bearer {{token}}"}],
        "url": {"raw": "{{baseUrl}}/api/admin/users", "host": ["{{baseUrl}}"], "path": ["api", "admin", "users"]}
      }
    },
    {
      "name": "Admin - Show User",
      "request": {
        "method": "GET",
        "header": [{"key": "Authorization", "value": "Bearer {{token}}"}],
        "url": {"raw": "{{baseUrl}}/api/admin/users/1", "host": ["{{baseUrl}}"], "path": ["api", "admin", "users", "1"]}
      }
    },
    {
      "name": "Manager - Update Role",
      "request": {
        "method": "PATCH",
        "header": [
          {"key": "Content-Type", "value": "application/json"},
          {"key": "Authorization", "value": "Bearer {{token}}"}
        ],
        "url": {"raw": "{{baseUrl}}/api/admin/users/1/role", "host": ["{{baseUrl}}"], "path": ["api", "admin", "users", "1", "role"]},
        "body": {"mode": "raw", "raw": "{\n  \"role\": \"admin\"\n}"}
      }
    },
    {
      "name": "Manager - Reports",
      "request": {
        "method": "GET",
        "header": [{"key": "Authorization", "value": "Bearer {{token}}"}],
        "url": {"raw": "{{baseUrl}}/api/manager/reports", "host": ["{{baseUrl}}"], "path": ["api", "manager", "reports"]}
      }
    }
  ],
  "variable": [
    {"key": "baseUrl", "value": "http://127.0.0.1:8000"},
    {"key": "token", "value": ""}
  ]
}
